ID;CUSTOMFIELD;CUSTOMFIELDCONFIG;PARENTOPTIONID;SEQUENCE;customvalue;optiontype;disabled
10000;10000;10100;;0;Hindernis;;N
10100;10005;10203;;0;Aufgaben;;N
10101;10005;10203;;1;In Arbeit;;N
10102;10005;10203;;2;Fertig;;N
10204;10201;10503;;0;ENTW;;N
10205;10201;10503;;1;TEST;;N
10206;10201;10503;;2;VPRD;;N
10207;10201;10503;;3;PROD;;N
10304;10313;10617;;0;Nein;;N
10305;10316;10620;;0;undefiniert;;N
10319;10330;10635;;0;Ja;;N
10320;10330;10635;;1;Nein;;N
10321;10331;10636;;0;Gesetzlich / Regulatorisch;;N
10322;10331;10636;;3;Strategisch;;N
10323;10331;10636;;1;Operativ dringlich;;N
10324;10331;10636;;2;Business Case;;N
10325;10332;10637;;0;Jahresplanung;;N
10326;10332;10637;;1;ChangeRequest;;N
10327;10332;10637;;2;AdHoc;;N
10328;10333;10638;;0;Neuentwicklung;;N
10329;10333;10638;;1;Weiterentwicklung;;N
10330;10333;10638;;2;Wartung;;N
10600;10501;11301;;0;2017;;N
10603;10502;11302;;5;AKAB;;N
10604;10502;11302;;1;Abrechnung FA;;N
10605;10502;11302;;4;Agtverw Agenturdatei;;N
10606;10502;11302;;6;Antragsbearb. Leben;;N
10607;10502;11302;;8;Archiv FileNET;;N
10608;10502;11302;;9;Archiv ImagePlus;;N
10609;10502;11302;;10;BABSY;;N
10610;10502;11302;;11;Berichte K-Dialog;;N
10611;10502;11302;;12;Berichte Kranken;;N
10612;10502;11302;;13;Berichte Leben;;N
10613;10502;11302;;14;Berichte NSS;;N
10614;10502;11302;;15;Berichte SAS;;N
10615;10502;11302;;16;Berichte VICOS;;N
10616;10502;11302;;18;Bestand Agt-BASTA;;N
10617;10502;11302;;19;Bestand FA-FUL/FAL;;N
10618;10502;11302;;20;Bestand FA-Schaden;;N
10621;10502;11302;;21;Bestand K-Dialog;;N
10622;10502;11302;;23;Bestand Kranken;;N
10623;10502;11302;;24;Bestand Leben;;N
10624;10502;11302;;25;Bestand Moped;;N
10625;10502;11302;;27;Bestand Rechtsschutz;;N
10627;10502;11302;;28;Bestand SYSKOM;;N
10628;10502;11302;;29;Bestandsübertragung;;N
10629;10502;11302;;30;Bestände SVS;;N
10630;10502;11302;;31;Betrugserkennung;;N
10631;10502;11302;;33;Buchhaltung AD;;N
10633;10502;11302;;35;Collaboration;;N
10635;10502;11302;;36;Dokumenten-Workflow;;N
10636;10502;11302;;38;Druck AFP;;N
10637;10502;11302;;39;Druckausgaben Leben;;N
10638;10502;11302;;40;Dynamischer SPOC;;N
10639;10502;11302;;44;EVB;;N
10640;10502;11302;;45;FA-Tablet;;N
10641;10502;11302;;46;Gebäudeinfosystem;;N
10642;10502;11302;;47;Geschäftsberichte;;N
10643;10502;11302;;50;INS;;N
10644;10502;11302;;51;ISB: Outputmanagem.;;N
10647;10502;11302;;52;ISBT: BTplus;;N
10648;10502;11302;;53;ISBT: Dat-vers.;;N
10650;10502;11302;;54;ISBT: Kundenportal;;N
10651;10502;11302;;55;ISBT: LKmobile;;N
10653;10502;11302;;56;ISBT: Prozessportal;;N
10655;10502;11302;;48;Inkassodokumente;;N
10656;10502;11302;;58;KAGB:GB-ERP-System;;N
10657;10502;11302;;59;KAP Grundbesitz;;N
10658;10502;11302;;60;KAP-HYPO;;N
10659;10502;11302;;61;KBM;;N
10660;10502;11302;;63;Kon-Schnittst KPRUEF;;N
10661;10502;11302;;64;Konzerndatenverarb.;;N
10662;10502;11302;;65;Kundenverw. ZAD/ZTI;;N
10663;10502;11302;;66;Leben AS400;;N
10665;10502;11302;;68;Mitarb-Vertragsschr.;;N
10667;10502;11302;;69;NAUGEMA gericht. MV;;N
10668;10502;11302;;70;NEG;;N
10669;10502;11302;;71;NISSY;;N
10670;10502;11302;;72;NOVEM;;N
10671;10502;11302;;73;NPS;;N
10672;10502;11302;;74;NZS;;N
10675;10502;11302;;75;PA Leben/NKV/Hypo;;N
10676;10502;11302;;76;PA SPE Superprov.;;N
10678;10502;11302;;78;PAI (PA APL Interfac;;N
10679;10502;11302;;85;PMdirekt;;N
10681;10502;11302;;87;Provisionstabellen;;N
10682;10502;11302;;88;Prozessmodelle;;N
10683;10502;11302;;93;SAP Anlagen;;N
10684;10502;11302;;94;SAP Basis;;N
10685;10502;11302;;97;SAP CRM;;N
10686;10502;11302;;99;SAP Hauptbuch;;N
10687;10502;11302;;100;SAP Konsolidierung;;N
10688;10502;11302;;101;SAP Kostenrechnung;;N
10689;10502;11302;;102;SAP Kreditor-Debitor;;N
10690;10502;11302;;103;SAP Lager;;N
10691;10502;11302;;104;SAP Materialwirtsch;;N
10692;10502;11302;;105;SAP Projektsystem;;N
10693;10502;11302;;107;SAP SRM;;N
10694;10502;11302;;106;SAP Spezielle Ledger;;N
10695;10502;11302;;108;SAP TAX FATCA;;N
10696;10502;11302;;109;SAP Unternehmensplan;;N
10697;10502;11302;;110;SAP Vertrieb;;N
10698;10502;11302;;111;SAP Vorsysteme;;N
10699;10502;11302;;17;Beschwerdemanagement;;N
10701;10502;11302;;117;SST-PDB-Leben;;N
10702;10502;11302;;118;STARIS Aktienbuch;;N
10703;10502;11302;;119;STV;;N
10704;10502;11302;;112;Schaden BOSS;;N
10705;10502;11302;;113;Schaden ELSA;;N
10706;10502;11302;;114;Server-Anwendung STT;;N
10707;10502;11302;;115;Sollstellungsdatei;;N
10708;10502;11302;;116;Solvency II;;N
10709;10502;11302;;122;TUS;;N
10713;10502;11302;;123;Vermittlerpost;;N
10714;10502;11302;;124;Vertriebsakte EVA;;N
10715;10502;11302;;125;WCMS;;N
10716;10502;11302;;126;Workflow Leben;;N
10717;10502;11302;;128;ZAS Zentrale Auszahl;;N
10718;10502;11302;;129;ZBS Zentraler Bankse;;N
10719;10502;11302;;130;ZFD Fondsdaten;;N
10720;10502;11302;;131;ZTS Terminsystem;;N
10721;10502;11302;;132;ZVS Zentrale Einzahl;;N
10722;10502;11302;;133;übergreifende Renta;;N
10733;10502;11302;;2;AE Infrastruktur;;N
10734;10502;11302;;3;AE-KON Infrastruktur;;N
10735;10502;11302;;32;BT4all;;N
10736;10502;11302;;43;Endkundenrechner;;N
10737;10502;11302;;120;Textservice;;N
10738;10502;11302;;121;Textverarbeitung ITV;;N
10739;10324;10629;;0;001 Neue Produkte Leben 2017/2018;;N
10740;10324;10629;;7;019 Prozessoptimierung SHU Gewerbe;;N
10741;10324;10629;;19;089 AKAB (Automatisierte Kundenanliegenbearbeitung);;N
10742;10324;10629;;24;096 Modernisierung ZAD;;N
10747;10324;10629;;61;WE AE-SERV 2017;;N
10748;10324;10629;;55;WA AE-SERV 2017;;N
10749;10324;10629;;59;WE AE-LK 2017;;N
10750;10324;10629;;53;WA AE-LK 2017;;N
10800;10600;11402;;0;Beschwerde;;N
10801;10600;11402;;1;Einzelanliegen;;N
10802;10600;11402;;2;strukturelle Optimierung;;N
10803;10601;11403;;0;AH;;N
10804;10601;11403;;1;GA;;N
10805;10601;11403;;2;M/MGA;;N
10806;10602;11404;;0;AE;;N
10807;10602;11404;;1;H-GV;;N
10808;10602;11404;;2;Inkasso;;N
10809;10602;11404;;3;Kfz Operations;;N
10810;10602;11404;;4;Kfz Produkte;;N
10811;10602;11404;;5;Kranken Operations;;N
10812;10602;11404;;6;Kranken Produkte;;N
10813;10602;11404;;7;Leben Operations;;N
10814;10602;11404;;8;Leben Produkte;;N
10815;10602;11404;;9;NSS;;N
10816;10602;11404;;10;Schaden;;N
10817;10602;11404;;11;SHU-P Operations;;N
10818;10602;11404;;12;SHU-SG;;N
10819;10602;11404;;13;S-GV;;N
10820;10602;11404;;14;S-TT;;N
10821;10602;11404;;15;Technik;;N
10822;10602;11404;;16;Sonstiges;;N
10823;10603;11405;;0;BAV;;N
10824;10603;11405;;1;BU;;N
10825;10603;11405;;2;BU-Leistung;;N
10826;10603;11405;;3;Extranet;;N
10827;10603;11405;;4;Haftpflicht;;N
10828;10603;11405;;5;Haftpflicht-Schaden;;N
10829;10603;11405;;6;Kfz-KH-Schaden;;N
10830;10603;11405;;7;Kfz-Kasko-Schaden;;N
10831;10603;11405;;8;Leben Ablauf;;N
10832;10603;11405;;9;Leben Leistung;;N
10833;10603;11405;;10;Sach-Schaden;;N
10834;10603;11405;;11;Unfall;;N
10835;10603;11405;;12;Unfall-Schaden;;N
10836;10603;11405;;13;VH;;N
10837;10603;11405;;14;VG;;N
10838;10603;11405;;15;Sonstiges;;N
10839;10604;11406;;0;Provisionsreklamation;;N
10840;10604;11406;;1;Bearbeitungszeit;;N
10841;10604;11406;;2;Bearbeitungsprozess;;N
10842;10604;11406;;3;fehlerhafte Bearbeitung;;N
10843;10604;11406;;4;fachliche Entscheidung;;N
10844;10604;11406;;5;Dienstleister;;N
10845;10604;11406;;6;Erreichbarkeit;;N
10846;10604;11406;;7;Prozessoptimierung;;N
10847;10604;11406;;8;technisches Problem;;N
10848;10604;11406;;9;Unfreundlichkeit Mitarbeiter;;N
10849;10604;11406;;10;Briefstil;;N
10850;10604;11406;;11;fehlende Entscheidung;;N
10851;10604;11406;;12;Annahmepolitik;;N
10852;10604;11406;;13;Entscheidungskompetenz;;N
10853;10604;11406;;14;Erscheinungsbild;;N
10854;10604;11406;;15;Lob;;N
10855;10604;11406;;16;Kapazitätsproblem;;N
10856;10604;11406;;17;Transparenz;;N
10857;10604;11406;;18;Vertrauensvolle Zusammenarbeit;;N
10858;10604;11406;;19;Wettbewerbsfähigkeit;;N
10859;10604;11406;;20;Sonstiges;;N
10860;10605;11407;;0;Beschwerde erledigt;;N
10861;10605;11407;;1;Anliegen umgesetzt;;N
10862;10605;11407;;2;Anliegen nicht umsetzbar;;N
10863;10605;11407;;3;Anliegen noch nicht umsetzbar;;N
10864;10606;11408;;0;ja;;N
10865;10606;11408;;1;nein;;N
10866;10609;11411;;0;Provisionsreklamation;;N
10867;10609;11411;;1;Bearbeitungszeit;;N
10868;10609;11411;;2;Bearbeitungsprozess;;N
10869;10609;11411;;3;fehlerhafte Bearbeitung;;N
10870;10609;11411;;4;fachliche Entscheidung;;N
10871;10609;11411;;5;Dienstleister;;N
10872;10609;11411;;6;Erreichbarkeit;;N
10873;10609;11411;;7;Prozessoptimierung;;N
10874;10609;11411;;8;technisches Problem;;N
10875;10609;11411;;9;Unfreundlichkeit Mitarbeiter;;N
10876;10609;11411;;10;Briefstil;;N
10877;10609;11411;;11;fehlende Entscheidung;;N
10878;10609;11411;;12;Annahmepolitik;;N
10879;10609;11411;;13;Entscheidungskompetenz;;N
10880;10609;11411;;14;Erscheinungsbild;;N
10881;10609;11411;;15;Lob;;N
10882;10609;11411;;16;Kapazitätsproblem;;N
10883;10609;11411;;17;Transparenz;;N
10884;10609;11411;;18;Vertrauensvolle Zusammenarbeit;;N
10885;10609;11411;;19;Wettbewerbsfähigkeit;;N
10886;10609;11411;;20;Sonstiges;;N
10887;10610;11412;;0;Berechtigt;;N
10888;10610;11412;;1;Unberechtigt;;N
10889;10610;11412;;2;noch nicht bekannt;;N
10890;10611;11413;;0;Führungskraft;;N
10891;10611;11413;;1;Vermittler;;N
10892;10611;11413;;2;Versicherungsnehmer;;N
10894;10502;11302;;37;Dokumentenarchiv;;N
10895;10502;11302;;49;Inputmanagement;;N
10896;10502;11302;;92;Rückversich.verw.;;N
10897;10324;10629;;1;002 Beratungsprozess (IDD);;N
10898;10324;10629;;2;007 Optimierung Jahresabschlussprozesse;;N
10899;10324;10629;;3;008 Neuorganisation Rückversicherung Leben;;N
10900;10324;10629;;4;009 Umsetzung PRIIP-VO;;N
10901;10324;10629;;5;010 Sicherungsbedarf LV und ZZR mit Storno-Kapitalwahl;;N
10902;10324;10629;;6;011 BWR-Beteiligung Konzepttarif;;N
10904;10324;10629;;8;020 Integration SHU Gewerbe bei Softfair (Bordmittel);;N
10905;10324;10629;;9;021 Neue FA-Tarife SHU 2017;;N
10906;10324;10629;;10;022 Verkauf SHUK-privat in Stamm über BT4All;;N
10907;10324;10629;;11;026 Sportect;;N
10908;10324;10629;;12;027 Neuer Firmentarif Sach-Grossgewerbe;;N
10909;10324;10629;;13;059 BANI;;N
10910;10324;10629;;14;066 Laufende AP Leben;;N
10911;10324;10629;;15;067 Systemgestütztes Controlling des Vertriebsbudgets_Stufe 1;;N
10912;10324;10629;;16;081 Neue Bestandsführung LV PoC Stufe 1 und 2;;N
10913;10324;10629;;17;085 Outputmanagement (Phase 1);;N
10914;10324;10629;;18;086 Archiv 2.0;;N
10915;10324;10629;;20;090 Inputmanagement (IM);;N
10916;10324;10629;;21;091 DynSpoc+;;N
10917;10324;10629;;22;094 Automatische Betrugserkennung (DUBI);;N
10918;10324;10629;;23;095 Neues Betriebsmodell Operations (42) (NEWTON);;N
10919;10324;10629;;25;097 Finanzsanktionen/Embargos (PESTO);;N
10920;10324;10629;;26;098 Bestandsverwaltung 2.0;;N
10921;10324;10629;;27;099 Leben-Leistung/Todesfall in BOSS;;N
10922;10324;10629;;28;100 NAPOL 2.0;;N
10923;10324;10629;;29;105 Analyse und Weiterentwicklung technische Plattform AS400 (bAV Anwendungen);;N
10924;10324;10629;;30;109 Automatische Auslieferung Fondsanteilen über SWIFT;;N
10925;10324;10629;;31;116 Neue Zahlungsverkehrsbank anbinden / Mehrbankfähigkeit;;N
10926;10324;10629;;32;121 Solvency II-Meldefähigkeit (Säulen 1 und 3 von SII);;N
10927;10324;10629;;33;127 Relaunch Corporate Design;;N
10928;10324;10629;;34;129 Online Antrags-/Verkaufsstrecken für Endkunden (OASE);;N
10929;10324;10629;;35;133 FATCA/CRS-Leben;;N
10930;10324;10629;;36;140 Konzernübergreifende Massnahme zu IDD;;N
10931;10324;10629;;37;"142 Implementierung Webservice ""ElektrA"" mit Vergleichertools über BiPro-Schnittstelle";;N
10932;10324;10629;;38;"143 Teilnahme am Risikoprüfungstool ""VersDiagnose"" von F&B";;N
10933;10324;10629;;39;144 Programmierung Webservice SHUK-Privat;;N
10934;10324;10629;;40;145 Rückversicherungsabrechnungssystem Schaden/Unfall - ProRis;;N
10935;10324;10629;;41;151 LV und Steuern_Umsetzung;;N
10936;10324;10629;;42;152 Neues Mathematisches Verfahren;;N
10937;10324;10629;;43;154 Zulagenverwaltung;;N
10938;10324;10629;;44;155 Werte/Bescheinigung;;N
10939;10324;10629;;45;157 Online Mitarbeitervertrag (NOA);;N
10940;10324;10629;;46;159 Kurzfristige Produktanpassungen SHU Gewerbe (20_2);;N
10941;10324;10629;;47;163 Systemgestütztes Controlling des Vertriebsbudgets_Stufe 2 (67_2);;N
10942;10324;10629;;48;164 Lead-Routing (CAMUNDA) - Zwischenlösung;;N
10943;10324;10629;;58;WE AE-BT 2017;;N
10944;10324;10629;;52;WA AE-BT 2017;;N
10945;10324;10629;;60;WE AE-PRO 2017;;N
10946;10324;10629;;54;WA AE-PRO 2017;;N
10947;10324;10629;;62;WE AE-SHUK 2017;;N
10948;10324;10629;;56;WA AE-SHUK 2017;;N
10949;10324;10629;;63;WE AE-VKON 2017;;N
10950;10324;10629;;57;WA AE-VKON 2017;;N
10951;10324;10629;;64;WE Dokumentenadministration 2017;;N
10952;10324;10629;;70;WE Textservice 2017;;N
10953;10324;10629;;65;WE KAGB:GB-ERP-System 2017;;N
10954;10324;10629;;66;WE SAP Hauptbuch 2017;;N
10955;10324;10629;;67;WE SAP Konsolidierung 2017;;N
10956;10324;10629;;68;WE SAP Materialwirtsch 2017;;N
10957;10324;10629;;69;WE SAP Vorsysteme 2017;;N
11000;10502;11302;;127;Zahlungsmanager;;N
11107;10701;11704;;0;Sach;;N
11108;10701;11704;;1;Haftpflicht;;N
11109;10701;11704;;2;Kfz;;N
11110;10701;11704;;3;Unfall;;N
11111;10701;11704;;4;Berufsunfähigkeit;;N
11112;10701;11704;;5;Ablauf;;N
11113;10701;11704;;6;Todesfall;;N
11200;10502;11302;;7;Architektur;;N
11300;10324;10629;;49;195 GWG 4. Richtlinie;;N
11400;10324;10629;;50;214 Entwicklung CRM-System für FA;;N
11401;10324;10629;;51;215 Technische und organisatorische Neuausrichtung der Arbeitsabläufe des Vertriebswegs FA;;N
11500;11100;12401;;0;TC92;;Y
11501;11100;12401;;1;TEST;;N
11502;11100;12401;;5;VPRD;;N
11503;11100;12401;;6;PROD;;N
11505;10333;12403;;0;Weiterentwicklung;;N
11506;10333;12403;;1;Wartung;;N
11507;10324;12404;;0;Weiterentwicklung / Wartung Classic Template;;N
11508;10502;12407;;0;Architektur;;N
11509;10333;12408;;0;Weiterentwicklung;;N
11510;10331;12409;;0;Strategisch;;N
11511;11100;12401;;2;TINT;;Y
11600;10331;12601;;0;Business Case;;N
11601;10331;12602;;0;Operativ notwendig;;N
11602;10502;12603;;0;AE Infrastruktur;;N
11700;10502;12803;;29;Betrugserkennung;;N
11701;10324;12804;;0;0094 Automatische Betrugserkennung (DUBI);;N
11702;10502;12805;;93;Schaden BOSS;;N
11703;10324;12806;;0;0099 Leben-Leistung Todesfall in BOSS;;N
11704;10331;12807;;0;Gesetzlich notwendig;;N
11705;10333;12808;;0;Neuentwicklung;;N
11706;10324;12809;;0;Schaden-/Leistungsregulierung;;N
11707;10331;12810;;0;Business Case;;N
11708;10331;12810;;1;Gesetzlich notwendig;;N
11709;10331;12810;;2;Operativ notwendig;;N
11710;10502;12811;;14;Berichte NSS;;N
11711;10502;12811;;31;Betrugserkennung;;N
11712;10502;12811;;112;Schaden BOSS;;N
11717;10502;12817;;37;Dokumentenarchiv;;N
11718;10324;12818;;0;0086 Archiv 2.0;;N
11719;10502;12819;;49;Inputmanagement;;N
11720;10324;12820;;0;0090 Eingangskanalverarbeitung;;N
11721;10502;12821;;33;Dokumenten-Workflow;;N
11722;10324;12822;;0;0095 Neues Betriebsmodell Operations;;N
11723;10502;12823;;59;Kundenverw. ZAD/ZTI;;N
11724;10324;12824;;0;0096 Modernisierung ZAD;;N
11725;10502;12825;;30;BT4all;;N
11726;10324;12826;;0;0022 Neugeschäftsinfrastruktur SHUKRS privat;;N
11727;10502;12827;;21;Bestand K-Dialog;;N
11728;10324;12828;;0;0061 Erhöhung der Dunkelverarbeitungsquote SHUK-Privatgeschäft;;N
11729;10502;12829;;13;Berichte Leben;;N
11730;10324;12830;;0;0007 Sicherstellen der Abschlussprozesse VT Leben;;N
11731;10502;12831;;24;Bestand Leben;;N
11733;10502;12833;;23;Bestand Leben;;N
11734;10324;12834;;0;0098 Bestandsverwaltung 2.0;;N
11735;10502;12835;;65;Leben AS400;;N
11736;10324;12836;;0;0105 Analyse und Weiterentwicklung technische Plattform AS400 (bAV Anwendungen);;N
11737;10502;12837;;23;Bestand Leben;;N
11738;10324;12838;;0;0152 Neues mathematisches Verfahren;;N
11739;10502;12839;;23;Bestand Leben;;N
11740;10324;12840;;0;0233 Neue Zulagenverwaltung;;N
11741;10502;12841;;24;Bestand Leben;;N
11742;10324;12842;;0;0155 Werte/Bescheinigung;;N
11743;10502;12843;;30;BT4all;;N
11744;10324;12844;;0;0001 Neue Produkte Leben 2017/2018;;N
11745;10502;12845;;68;PA Leben/NKV/Hypo;;N
11746;10324;12846;;0;0066 Laufende AP Leben;;N
11747;10502;12847;;38;Druck AFP;;N
11748;10324;12848;;0;0127 Implementierung Marke und CD NÜRNBERGER;;N
11749;10502;12849;;110;WCMS;;N
11750;10324;12850;;0;0131 Harmonisierung CMS Online / Relaunch IntraNet;;N
11751;10502;12851;;30;BT4all;;N
11752;10324;12852;;0;0140 Konzernübergreifende Massnahme zu IDD;;N
11753;10502;12853;;92;Rückversich.verw.;;N
11754;10324;12854;;0;0145 Einführung eines Rückversicherungsabrechnungssystems Schaden-/Unfall - ProRis;;N
11755;10502;12855;;30;BT4all;;N
11756;10324;12856;;0;0195 GWG 4. Richtlinie;;N
11757;10502;12857;;19;Bestand FA-Schaden;;N
11758;10324;12858;;0;0215 Technische und organisatorische Neuausrichtung der Arbeitsabläufe des Vertriebswegs FA ;;N
11759;10502;12859;;22;Bestand Leben;;N
11760;10324;12860;;0;0150 Vertragsänderungen 2.0;;N
11761;10502;12861;;33;Buchhaltung AD;;N
11762;10324;12862;;0;0167 IDV nach ZDV;;N
11765;10502;12865;;30;BT4all;;N
11766;10324;12866;;0;0168 Erweiterung des Geschäftsmodells Direktvertrieb um Ausschnittdeckungen;;N
11767;10502;12867;;64;NISSY;;N
11768;10324;12868;;0;0169 Erweiterung der Zahlungsmöglichkeiten auf PayPal und Kreditkarte;;N
11769;10502;12869;;54;ISBT: Kundenportal;;N
11770;10324;12870;;0;0171 Relaunch und Weiterentwicklung KuPo meinenuernberger.de;;N
11771;10502;12871;;30;BT4all;;N
11772;10324;12872;;0;0176 BiPro-Schnittstelle zur Datenübernahme;;N
11773;10502;12873;;30;BT4all;;N
11774;10324;12874;;0;0177 KFZ-Webservice mit ElektrA;;N
11775;10502;12875;;22;Bestand Leben;;N
11776;10324;12876;;0;0188 Leben Bestandsmigration: Vorbereitung und Analyse;;N
11777;10502;12877;;30;BT4all;;N
11778;10324;12878;;0;0190 Neue Produkte Leben 2018 / 2019;;N
11779;10502;12879;;52;ISBT: Prozessportal;;N
11780;10324;12880;;0;0191 Zentrales Anmeldeportal und Anmeldeverfahren;;N
11781;10502;12881;;45;Inputmanagement;;N
11782;10324;12882;;0;0200 Easy Scan 2018;;N
11783;10502;12883;;106;TUS;;N
11784;10324;12884;;0;0204 Neuordnung der Reisekosten für den angestellten Aussendienst;;N
11786;10324;12886;;0;0209 Archiv 3.0;;N
11787;10502;12887;;31;BT4all;;N
11788;10324;12888;;0;0210 Reportingmöglichkeit der Zugriffe auf die Berechnungswebservices der NÜRNBERGER;;N
11789;10502;12889;;21;Bestand Kranken;;N
11790;10324;12890;;0;0221 Neue Produkte Kranken 2018;;N
11793;10502;12893;;22;Bestand Kranken;;N
11794;10324;12894;;0;0223 GeoMedis;;N
11795;10502;12895;;26;Bestand SYSKOM;;N
11796;10324;12896;;0;0227 Neue Produkte SHUK;;N
11797;10502;12897;;30;BT4all;;N
11798;10324;12898;;0;0230 Vorstudie Angebots- und Antragssystem SHU-Gewerbe;;N
11799;10502;12899;;27;Bestand SYSKOM;;N
11800;10324;12900;;0;0231 G - SHU Produkte 2018;;N
11801;10502;12901;;1;Abrechnung FA;;N
11802;10502;12901;;2;AE Infrastruktur;;N
11803;10502;12901;;3;AE-KON Infrastruktur;;N
11804;10502;12901;;4;Agtverw Agenturdatei;;N
11805;10502;12901;;5;AKAB;;N
11806;10502;12901;;6;Antragsbearb. Leben;;N
11807;10502;12901;;7;Architektur;;N
11808;10502;12901;;8;Archiv FileNET;;N
11809;10502;12901;;9;Archiv ImagePlus;;N
11810;10502;12901;;10;BABSY;;N
11811;10502;12901;;11;Berichte K-Dialog;;N
11812;10502;12901;;12;Berichte Kranken;;N
11813;10502;12901;;13;Berichte Leben;;N
11814;10502;12901;;14;Berichte NSS;;N
11815;10502;12901;;15;Berichte SAS;;N
11816;10502;12901;;16;Berichte VICOS;;N
11817;10502;12901;;17;Beschwerdemanagement;;N
11818;10502;12901;;18;Bestand Agt-BASTA;;N
11819;10502;12901;;19;Bestand FA-FUL/FAL;;N
11820;10502;12901;;20;Bestand FA-Schaden;;N
11821;10502;12901;;21;Bestand K-Dialog;;N
11822;10502;12901;;23;Bestand Kranken;;N
11823;10502;12901;;24;Bestand Leben;;N
11824;10502;12901;;25;Bestand Moped;;N
11825;10502;12901;;27;Bestand Rechtsschutz;;N
11826;10502;12901;;28;Bestand SYSKOM;;N
11827;10502;12901;;29;Bestandsübertragung;;N
11828;10502;12901;;30;Bestände SVS;;N
11829;10502;12901;;31;Betrugserkennung;;N
11830;10502;12901;;32;BT4all;;N
11831;10502;12901;;33;Buchhaltung AD;;N
11832;10502;12901;;35;Collaboration;;N
11833;10502;12901;;36;Dokumenten-Workflow;;N
11834;10502;12901;;37;Dokumentenarchiv;;N
11835;10502;12901;;38;Druck AFP;;N
11836;10502;12901;;39;Druckausgaben Leben;;N
11837;10502;12901;;40;Dynamischer SPOC;;N
11838;10502;12901;;43;Endkundenrechner;;N
11839;10502;12901;;44;EVB;;N
11840;10502;12901;;45;FA-Tablet;;N
11841;10502;12901;;46;Gebäudeinfosystem;;N
11842;10502;12901;;47;Geschäftsberichte;;N
11843;10502;12901;;48;Inkassodokumente;;N
11844;10502;12901;;49;Inputmanagement;;N
11845;10502;12901;;50;INS;;N
11846;10502;12901;;51;ISB: Outputmanagem.;;N
11847;10502;12901;;52;ISBT: BTplus;;N
11848;10502;12901;;53;ISBT: Dat-vers.;;N
11849;10502;12901;;54;ISBT: Kundenportal;;N
11850;10502;12901;;55;ISBT: LKmobile;;N
11851;10502;12901;;56;ISBT: Prozessportal;;N
11852;10502;12901;;58;KAGB:GB-ERP-System;;N
11853;10502;12901;;59;KAP Grundbesitz;;N
11854;10502;12901;;60;KAP-HYPO;;N
11855;10502;12901;;61;KBM;;N
11856;10502;12901;;63;Kon-Schnittst KPRUEF;;N
11857;10502;12901;;64;Konzerndatenverarb.;;N
11858;10502;12901;;65;Kundenverw. ZAD/ZTI;;N
11859;10502;12901;;66;Leben AS400;;N
11860;10502;12901;;68;Mitarb-Vertragsschr.;;N
11861;10502;12901;;69;NAUGEMA gericht. MV;;N
11862;10502;12901;;70;NEG;;N
11863;10502;12901;;71;NISSY;;N
11864;10502;12901;;72;NOVEM;;N
11865;10502;12901;;73;NPS;;N
11866;10502;12901;;74;NZS;;N
11867;10502;12901;;75;PA Leben/NKV/Hypo;;N
11868;10502;12901;;76;PA SPE Superprov.;;N
11869;10502;12901;;78;PAI (PA APL Interfac;;N
11870;10502;12901;;85;PMdirekt;;N
11871;10502;12901;;87;Provisionstabellen;;N
11872;10502;12901;;88;Prozessmodelle;;N
11873;10502;12901;;92;Rückversich.verw.;;N
11874;10502;12901;;93;SAP Anlagen;;N
11875;10502;12901;;94;SAP Basis;;N
11876;10502;12901;;97;SAP CRM;;N
11877;10502;12901;;99;SAP Hauptbuch;;N
11878;10502;12901;;100;SAP Konsolidierung;;N
11879;10502;12901;;101;SAP Kostenrechnung;;N
11880;10502;12901;;102;SAP Kreditor-Debitor;;N
11881;10502;12901;;103;SAP Lager;;N
11882;10502;12901;;104;SAP Materialwirtsch;;N
11883;10502;12901;;105;SAP Projektsystem;;N
11884;10502;12901;;106;SAP Spezielle Ledger;;N
11885;10502;12901;;107;SAP SRM;;N
11886;10502;12901;;108;SAP TAX FATCA;;N
11887;10502;12901;;109;SAP Unternehmensplan;;N
11888;10502;12901;;110;SAP Vertrieb;;N
11889;10502;12901;;111;SAP Vorsysteme;;N
11890;10502;12901;;112;Schaden BOSS;;N
11891;10502;12901;;113;Schaden ELSA;;N
11892;10502;12901;;114;Server-Anwendung STT;;N
11893;10502;12901;;115;Sollstellungsdatei;;N
11894;10502;12901;;116;Solvency II;;N
11895;10502;12901;;117;SST-PDB-Leben;;N
11896;10502;12901;;118;STARIS Aktienbuch;;N
11897;10502;12901;;119;STV;;N
11898;10502;12901;;120;Textservice;;N
11899;10502;12901;;121;Textverarbeitung ITV;;N
11900;10502;12901;;122;TUS;;N
11901;10502;12901;;133;übergreifende Renta;;N
11902;10502;12901;;123;Vermittlerpost;;N
11903;10502;12901;;124;Vertriebsakte EVA;;N
11904;10502;12901;;125;WCMS;;N
11905;10502;12901;;126;Workflow Leben;;N
11906;10502;12901;;127;Zahlungsmanager;;N
11907;10502;12901;;128;ZAS Zentrale Auszahl;;N
11908;10502;12901;;129;ZBS Zentraler Bankse;;N
11909;10502;12901;;130;ZFD Fondsdaten;;N
11910;10502;12901;;131;ZTS Terminsystem;;N
11911;10502;12901;;132;ZVS Zentrale Einzahl;;N
11912;10324;12902;;0;Linie AE-SERV;;N
12024;10324;12904;;0;Linie AE-BT;;N
12136;10324;12906;;0;Linie AE-LK;;N
12248;10324;12908;;0;Linie AE-PRO;;N
12360;10324;12910;;0;Linie AE-SHUK;;N
12472;10324;12912;;0;Linie AE-FIN;;N
12473;10333;12913;;0;Weiterentwicklung;;N
12474;10333;12913;;1;Wartung;;N
12475;10502;12914;;62;Mitarb-Vertragsschr.;;N
12476;10324;12915;;0;0157 NOA Stufe 1;;N
12477;10502;12916;;5;AKAB;;N
12478;10324;12917;;0;0089 AKAB (Automatisierte Kundenanliegenbearbeitung);;N
12479;10502;12918;;4;AKAB;;N
12480;10324;12919;;0;0089 AKAB (Automatisierte Kundenanliegenbearbeitung);;N
12481;10502;12920;;4;AKAB;;N
12482;10324;12921;;0;0089 AKAB (Automatisierte Kundenanliegenbearbeitung);;N
12483;10502;12922;;56;ISBT: Prozessportal;;N
12484;10324;12923;;0;0059 AgenturManager (AGM);;N
12485;10502;12924;;43;Endkundenrechner;;N
12486;10324;12925;;0;0129 Endkunden Antragsstrecken Direktvertrieb/Online (EADO);;N
12487;10502;12926;;119;STV;;N
12488;10324;12927;;0;0085 Outputmanagement;;N
12489;10501;12928;;0;2018;;N
12491;10324;12930;;0;0224 Transformation FA.net für Windows Tablet;;N
12492;10502;12929;;30;BT4all;;N
12494;10502;12934;;23;Bestand Leben;;N
12495;10324;12935;;0;0151 LV und Steuern - Umsetzung;;N
12497;10502;12937;;4;AKAB;;N
12498;10324;12938;;0;0089 AKAB (Automatisierte Kundenanliegenbearbeitung);;N
12499;10502;12803;;0;Abrechnung FA;;N
12500;10502;12803;;1;AE Infrastruktur;;N
12501;10502;12803;;2;AE-KON Infrastruktur;;N
12502;10502;12803;;3;Agtverw Agenturdatei;;N
12503;10502;12803;;4;AKAB;;N
12504;10502;12803;;5;Antragsbearb. Leben;;N
12505;10502;12803;;6;Architektur;;N
12506;10502;12803;;7;Archiv FileNET;;N
12507;10502;12803;;8;Archiv ImagePlus;;N
12508;10502;12803;;9;BABSY;;N
12509;10502;12803;;10;Berichte K-Dialog;;N
12510;10502;12803;;11;Berichte Kranken;;N
12511;10502;12803;;12;Berichte Leben;;N
12512;10502;12803;;13;Berichte NSS;;N
12513;10502;12803;;14;Berichte SAS;;N
12514;10502;12803;;15;Berichte VICOS;;N
12515;10502;12803;;16;Beschwerdemanagement;;N
12516;10502;12803;;17;Bestand Agt-BASTA;;N
12517;10502;12803;;18;Bestand FA-FUL/FAL;;N
12518;10502;12803;;19;Bestand FA-Schaden;;N
12519;10502;12803;;20;Bestand K-Dialog;;N
12520;10502;12803;;21;Bestand Kranken;;N
12521;10502;12803;;22;Bestand Leben;;N
12522;10502;12803;;23;Bestand Moped;;N
12523;10502;12803;;25;Bestand Rechtsschutz;;N
12524;10502;12803;;26;Bestand SYSKOM;;N
12525;10502;12803;;27;Bestandsübertragung;;N
12526;10502;12803;;28;Bestände SVS;;N
12527;10502;12803;;30;BT4all;;N
12528;10502;12803;;31;Buchhaltung AD;;N
12529;10502;12803;;32;Collaboration;;N
12530;10502;12803;;33;Dokumenten-Workflow;;N
12531;10502;12803;;34;Dokumentenarchiv;;N
12532;10502;12803;;35;Druck AFP;;N
12533;10502;12803;;36;Druckausgaben Leben;;N
12534;10502;12803;;37;Dynamischer SPOC;;N
12535;10502;12803;;39;Endkundenrechner;;N
12536;10502;12803;;40;EVB;;N
12537;10502;12803;;41;FA-Tablet;;N
12538;10502;12803;;42;Gebäudeinfosystem;;N
12539;10502;12803;;43;Geschäftsberichte;;N
12540;10502;12803;;44;Inkassodokumente;;N
12541;10502;12803;;45;Inputmanagement;;N
12542;10502;12803;;46;INS;;N
12543;10502;12803;;47;ISB: Outputmanagem.;;N
12544;10502;12803;;48;ISBT: BTplus;;N
12545;10502;12803;;49;ISBT: Dat-vers.;;N
12546;10502;12803;;50;ISBT: Kundenportal;;N
12547;10502;12803;;51;ISBT: LKmobile;;N
12548;10502;12803;;52;ISBT: Prozessportal;;N
12549;10502;12803;;53;KAGB:GB-ERP-System;;N
12550;10502;12803;;54;KAP Grundbesitz;;N
12551;10502;12803;;55;KAP-HYPO;;N
12552;10502;12803;;56;KBM;;N
12553;10502;12803;;57;Kon-Schnittst KPRUEF;;N
12554;10502;12803;;58;Konzerndatenverarb.;;N
12555;10502;12803;;59;Kundenverw. ZAD/ZTI;;N
12556;10502;12803;;60;Leben AS400;;N
12557;10502;12803;;61;Mitarb-Vertragsschr.;;N
12558;10502;12803;;62;NAUGEMA gericht. MV;;N
12559;10502;12803;;63;NEG;;N
12560;10502;12803;;64;NISSY;;N
12561;10502;12803;;65;NOVEM;;N
12562;10502;12803;;66;NPS;;N
12563;10502;12803;;67;NZS;;N
12564;10502;12803;;68;PA Leben/NKV/Hypo;;N
12565;10502;12803;;69;PA SPE Superprov.;;N
12566;10502;12803;;71;PAI (PA APL Interfac;;N
12567;10502;12803;;73;PMdirekt;;N
12568;10502;12803;;74;Provisionstabellen;;N
12569;10502;12803;;75;Prozessmodelle;;N
12570;10502;12803;;76;Rückversich.verw.;;N
12571;10502;12803;;77;SAP Anlagen;;N
12572;10502;12803;;78;SAP Basis;;N
12573;10502;12803;;79;SAP CRM;;N
12574;10502;12803;;80;SAP Hauptbuch;;N
12575;10502;12803;;81;SAP Konsolidierung;;N
12576;10502;12803;;82;SAP Kostenrechnung;;N
12577;10502;12803;;83;SAP Kreditor-Debitor;;N
12578;10502;12803;;84;SAP Lager;;N
12579;10502;12803;;85;SAP Materialwirtsch;;N
12580;10502;12803;;86;SAP Projektsystem;;N
12581;10502;12803;;87;SAP Spezielle Ledger;;N
12582;10502;12803;;88;SAP SRM;;N
12583;10502;12803;;89;SAP TAX FATCA;;N
12584;10502;12803;;90;SAP Unternehmensplan;;N
12585;10502;12803;;91;SAP Vertrieb;;N
12586;10502;12803;;92;SAP Vorsysteme;;N
12587;10502;12803;;93;Schaden BOSS;;N
12588;10502;12803;;94;Schaden ELSA;;N
12589;10502;12803;;95;Server-Anwendung STT;;N
12590;10502;12803;;96;Sollstellungsdatei;;N
12591;10502;12803;;97;Solvency II;;N
12592;10502;12803;;98;SST-PDB-Leben;;N
12593;10502;12803;;99;STARIS Aktienbuch;;N
12594;10502;12803;;100;STV;;N
12595;10502;12803;;101;Textservice;;N
12596;10502;12803;;102;Textverarbeitung ITV;;N
12597;10502;12803;;103;TUS;;N
12598;10502;12803;;114;übergreifende Renta;;N
12599;10502;12803;;104;Vermittlerpost;;N
12600;10502;12803;;105;Vertriebsakte EVA;;N
12601;10502;12803;;106;WCMS;;N
12602;10502;12803;;107;Workflow Leben;;N
12603;10502;12803;;108;Zahlungsmanager;;N
12604;10502;12803;;109;ZAS Zentrale Auszahl;;N
12605;10502;12803;;110;ZBS Zentraler Bankse;;N
12606;10502;12803;;111;ZFD Fondsdaten;;N
12607;10502;12803;;112;ZTS Terminsystem;;N
12608;10502;12803;;113;ZVS Zentrale Einzahl;;N
12609;10502;12817;;1;Abrechnung FA;;N
12610;10502;12817;;2;AE Infrastruktur;;N
12611;10502;12817;;3;AE-KON Infrastruktur;;N
12612;10502;12817;;4;Agtverw Agenturdatei;;N
12613;10502;12817;;5;AKAB;;N
12614;10502;12817;;6;Antragsbearb. Leben;;N
12615;10502;12817;;7;Architektur;;N
12616;10502;12817;;8;Archiv FileNET;;N
12617;10502;12817;;9;Archiv ImagePlus;;N
12618;10502;12817;;10;BABSY;;N
12619;10502;12817;;11;Berichte K-Dialog;;N
12620;10502;12817;;12;Berichte Kranken;;N
12621;10502;12817;;13;Berichte Leben;;N
12622;10502;12817;;14;Berichte NSS;;N
12623;10502;12817;;15;Berichte SAS;;N
12624;10502;12817;;16;Berichte VICOS;;N
12625;10502;12817;;17;Beschwerdemanagement;;N
12626;10502;12817;;18;Bestand Agt-BASTA;;N
12627;10502;12817;;19;Bestand FA-FUL/FAL;;N
12628;10502;12817;;20;Bestand FA-Schaden;;N
12629;10502;12817;;21;Bestand K-Dialog;;N
12630;10502;12817;;23;Bestand Kranken;;N
12631;10502;12817;;24;Bestand Leben;;N
12632;10502;12817;;25;Bestand Moped;;N
12633;10502;12817;;27;Bestand Rechtsschutz;;N
12634;10502;12817;;28;Bestand SYSKOM;;N
12635;10502;12817;;29;Bestandsübertragung;;N
12636;10502;12817;;30;Bestände SVS;;N
12637;10502;12817;;31;Betrugserkennung;;N
12638;10502;12817;;32;BT4all;;N
12639;10502;12817;;33;Buchhaltung AD;;N
12640;10502;12817;;35;Collaboration;;N
12641;10502;12817;;36;Dokumenten-Workflow;;N
12642;10502;12817;;38;Druck AFP;;N
12643;10502;12817;;39;Druckausgaben Leben;;N
12644;10502;12817;;40;Dynamischer SPOC;;N
12645;10502;12817;;42;Endkundenrechner;;N
12646;10502;12817;;43;EVB;;N
12647;10502;12817;;44;FA-Tablet;;N
12648;10502;12817;;45;Gebäudeinfosystem;;N
12649;10502;12817;;46;Geschäftsberichte;;N
12650;10502;12817;;47;Inkassodokumente;;N
12651;10502;12817;;48;Inputmanagement;;N
12652;10502;12817;;49;INS;;N
12653;10502;12817;;50;ISB: Outputmanagem.;;N
12654;10502;12817;;51;ISBT: BTplus;;N
12655;10502;12817;;52;ISBT: Dat-vers.;;N
12656;10502;12817;;53;ISBT: Kundenportal;;N
12657;10502;12817;;54;ISBT: LKmobile;;N
12658;10502;12817;;55;ISBT: Prozessportal;;N
12659;10502;12817;;57;KAGB:GB-ERP-System;;N
12660;10502;12817;;58;KAP Grundbesitz;;N
12661;10502;12817;;59;KAP-HYPO;;N
12662;10502;12817;;60;KBM;;N
12663;10502;12817;;62;Kon-Schnittst KPRUEF;;N
12664;10502;12817;;63;Konzerndatenverarb.;;N
12665;10502;12817;;64;Kundenverw. ZAD/ZTI;;N
12666;10502;12817;;65;Leben AS400;;N
12667;10502;12817;;66;Mitarb-Vertragsschr.;;N
12668;10502;12817;;67;NAUGEMA gericht. MV;;N
12669;10502;12817;;68;NEG;;N
12670;10502;12817;;69;NISSY;;N
12671;10502;12817;;70;NOVEM;;N
12672;10502;12817;;71;NPS;;N
12673;10502;12817;;72;NZS;;N
12674;10502;12817;;73;PA Leben/NKV/Hypo;;N
12675;10502;12817;;74;PA SPE Superprov.;;N
12676;10502;12817;;76;PAI (PA APL Interfac;;N
12677;10502;12817;;82;PMdirekt;;N
12678;10502;12817;;84;Provisionstabellen;;N
12679;10502;12817;;85;Prozessmodelle;;N
12680;10502;12817;;88;Rückversich.verw.;;N
12681;10502;12817;;89;SAP Anlagen;;N
12682;10502;12817;;90;SAP Basis;;N
12683;10502;12817;;93;SAP CRM;;N
12684;10502;12817;;95;SAP Hauptbuch;;N
12685;10502;12817;;96;SAP Konsolidierung;;N
12686;10502;12817;;97;SAP Kostenrechnung;;N
12687;10502;12817;;98;SAP Kreditor-Debitor;;N
12688;10502;12817;;99;SAP Lager;;N
12689;10502;12817;;100;SAP Materialwirtsch;;N
12690;10502;12817;;101;SAP Projektsystem;;N
12691;10502;12817;;102;SAP Spezielle Ledger;;N
12692;10502;12817;;103;SAP SRM;;N
12693;10502;12817;;104;SAP TAX FATCA;;N
12694;10502;12817;;105;SAP Unternehmensplan;;N
12695;10502;12817;;106;SAP Vertrieb;;N
12696;10502;12817;;107;SAP Vorsysteme;;N
12697;10502;12817;;108;Schaden BOSS;;N
12698;10502;12817;;109;Schaden ELSA;;N
12699;10502;12817;;110;Server-Anwendung STT;;N
12700;10502;12817;;111;Sollstellungsdatei;;N
12701;10502;12817;;112;Solvency II;;N
12702;10502;12817;;113;SST-PDB-Leben;;N
12703;10502;12817;;114;STARIS Aktienbuch;;N
12704;10502;12817;;115;STV;;N
12705;10502;12817;;116;Textservice;;N
12706;10502;12817;;117;Textverarbeitung ITV;;N
12707;10502;12817;;118;TUS;;N
12708;10502;12817;;129;übergreifende Renta;;N
12709;10502;12817;;119;Vermittlerpost;;N
12710;10502;12817;;120;Vertriebsakte EVA;;N
12711;10502;12817;;121;WCMS;;N
12712;10502;12817;;122;Workflow Leben;;N
12713;10502;12817;;123;Zahlungsmanager;;N
12714;10502;12817;;124;ZAS Zentrale Auszahl;;N
12715;10502;12817;;125;ZBS Zentraler Bankse;;N
12716;10502;12817;;126;ZFD Fondsdaten;;N
12717;10502;12817;;127;ZTS Terminsystem;;N
12718;10502;12817;;128;ZVS Zentrale Einzahl;;N
12719;10502;12819;;1;Abrechnung FA;;N
12720;10502;12819;;2;AE Infrastruktur;;N
12721;10502;12819;;3;AE-KON Infrastruktur;;N
12722;10502;12819;;4;Agtverw Agenturdatei;;N
12723;10502;12819;;5;AKAB;;N
12724;10502;12819;;6;Antragsbearb. Leben;;N
12725;10502;12819;;7;Architektur;;N
12726;10502;12819;;8;Archiv FileNET;;N
12727;10502;12819;;9;Archiv ImagePlus;;N
12728;10502;12819;;10;BABSY;;N
12729;10502;12819;;11;Berichte K-Dialog;;N
12730;10502;12819;;12;Berichte Kranken;;N
12731;10502;12819;;13;Berichte Leben;;N
12732;10502;12819;;14;Berichte NSS;;N
12733;10502;12819;;15;Berichte SAS;;N
12734;10502;12819;;16;Berichte VICOS;;N
12735;10502;12819;;17;Beschwerdemanagement;;N
12736;10502;12819;;18;Bestand Agt-BASTA;;N
12737;10502;12819;;19;Bestand FA-FUL/FAL;;N
12738;10502;12819;;20;Bestand FA-Schaden;;N
12739;10502;12819;;21;Bestand K-Dialog;;N
12740;10502;12819;;23;Bestand Kranken;;N
12741;10502;12819;;24;Bestand Leben;;N
12742;10502;12819;;25;Bestand Moped;;N
12743;10502;12819;;27;Bestand Rechtsschutz;;N
12744;10502;12819;;28;Bestand SYSKOM;;N
12745;10502;12819;;29;Bestandsübertragung;;N
12746;10502;12819;;30;Bestände SVS;;N
12747;10502;12819;;31;Betrugserkennung;;N
12748;10502;12819;;32;BT4all;;N
12749;10502;12819;;33;Buchhaltung AD;;N
12750;10502;12819;;35;Collaboration;;N
12751;10502;12819;;36;Dokumenten-Workflow;;N
12752;10502;12819;;37;Dokumentenarchiv;;N
12753;10502;12819;;38;Druck AFP;;N
12754;10502;12819;;39;Druckausgaben Leben;;N
12755;10502;12819;;40;Dynamischer SPOC;;N
12756;10502;12819;;43;Endkundenrechner;;N
12757;10502;12819;;44;EVB;;N
12758;10502;12819;;45;FA-Tablet;;N
12759;10502;12819;;46;Gebäudeinfosystem;;N
12760;10502;12819;;47;Geschäftsberichte;;N
12761;10502;12819;;48;Inkassodokumente;;N
12762;10502;12819;;50;INS;;N
12763;10502;12819;;51;ISB: Outputmanagem.;;N
12764;10502;12819;;52;ISBT: BTplus;;N
12765;10502;12819;;53;ISBT: Dat-vers.;;N
12766;10502;12819;;54;ISBT: Kundenportal;;N
12767;10502;12819;;55;ISBT: LKmobile;;N
12768;10502;12819;;56;ISBT: Prozessportal;;N
12769;10502;12819;;58;KAGB:GB-ERP-System;;N
12770;10502;12819;;59;KAP Grundbesitz;;N
12771;10502;12819;;60;KAP-HYPO;;N
12772;10502;12819;;61;KBM;;N
12773;10502;12819;;63;Kon-Schnittst KPRUEF;;N
12774;10502;12819;;64;Konzerndatenverarb.;;N
12775;10502;12819;;65;Kundenverw. ZAD/ZTI;;N
12776;10502;12819;;66;Leben AS400;;N
12777;10502;12819;;68;Mitarb-Vertragsschr.;;N
12778;10502;12819;;69;NAUGEMA gericht. MV;;N
12779;10502;12819;;70;NEG;;N
12780;10502;12819;;71;NISSY;;N
12781;10502;12819;;72;NOVEM;;N
12782;10502;12819;;73;NPS;;N
12783;10502;12819;;74;NZS;;N
12784;10502;12819;;75;PA Leben/NKV/Hypo;;N
12785;10502;12819;;76;PA SPE Superprov.;;N
12786;10502;12819;;78;PAI (PA APL Interfac;;N
12787;10502;12819;;85;PMdirekt;;N
12788;10502;12819;;87;Provisionstabellen;;N
12789;10502;12819;;88;Prozessmodelle;;N
12790;10502;12819;;92;Rückversich.verw.;;N
12791;10502;12819;;93;SAP Anlagen;;N
12792;10502;12819;;94;SAP Basis;;N
12793;10502;12819;;97;SAP CRM;;N
12794;10502;12819;;99;SAP Hauptbuch;;N
12795;10502;12819;;100;SAP Konsolidierung;;N
12796;10502;12819;;101;SAP Kostenrechnung;;N
12797;10502;12819;;102;SAP Kreditor-Debitor;;N
12798;10502;12819;;103;SAP Lager;;N
12799;10502;12819;;104;SAP Materialwirtsch;;N
12800;10502;12819;;105;SAP Projektsystem;;N
12801;10502;12819;;106;SAP Spezielle Ledger;;N
12802;10502;12819;;107;SAP SRM;;N
12803;10502;12819;;108;SAP TAX FATCA;;N
12804;10502;12819;;109;SAP Unternehmensplan;;N
12805;10502;12819;;110;SAP Vertrieb;;N
12806;10502;12819;;111;SAP Vorsysteme;;N
12807;10502;12819;;112;Schaden BOSS;;N
12808;10502;12819;;113;Schaden ELSA;;N
12809;10502;12819;;114;Server-Anwendung STT;;N
12810;10502;12819;;115;Sollstellungsdatei;;N
12811;10502;12819;;116;Solvency II;;N
12812;10502;12819;;117;SST-PDB-Leben;;N
12813;10502;12819;;118;STARIS Aktienbuch;;N
12814;10502;12819;;119;STV;;N
12815;10502;12819;;120;Textservice;;N
12816;10502;12819;;121;Textverarbeitung ITV;;N
12817;10502;12819;;122;TUS;;N
12818;10502;12819;;133;übergreifende Renta;;N
12819;10502;12819;;123;Vermittlerpost;;N
12820;10502;12819;;124;Vertriebsakte EVA;;N
12821;10502;12819;;125;WCMS;;N
12822;10502;12819;;126;Workflow Leben;;N
12823;10502;12819;;127;Zahlungsmanager;;N
12824;10502;12819;;128;ZAS Zentrale Auszahl;;N
12825;10502;12819;;129;ZBS Zentraler Bankse;;N
12826;10502;12819;;130;ZFD Fondsdaten;;N
12827;10502;12819;;131;ZTS Terminsystem;;N
12828;10502;12819;;132;ZVS Zentrale Einzahl;;N
12829;10502;12821;;0;Abrechnung FA;;N
12830;10502;12821;;1;AE Infrastruktur;;N
12831;10502;12821;;2;AE-KON Infrastruktur;;N
12832;10502;12821;;3;Agtverw Agenturdatei;;N
12833;10502;12821;;4;AKAB;;N
12834;10502;12821;;5;Antragsbearb. Leben;;N
12835;10502;12821;;6;Architektur;;N
12836;10502;12821;;7;Archiv FileNET;;N
12837;10502;12821;;8;Archiv ImagePlus;;N
12838;10502;12821;;9;BABSY;;N
12839;10502;12821;;10;Berichte K-Dialog;;N
12840;10502;12821;;11;Berichte Kranken;;N
12841;10502;12821;;12;Berichte Leben;;N
12842;10502;12821;;13;Berichte NSS;;N
12843;10502;12821;;14;Berichte SAS;;N
12844;10502;12821;;15;Berichte VICOS;;N
12845;10502;12821;;16;Beschwerdemanagement;;N
12846;10502;12821;;17;Bestand Agt-BASTA;;N
12847;10502;12821;;18;Bestand FA-FUL/FAL;;N
12848;10502;12821;;19;Bestand FA-Schaden;;N
12849;10502;12821;;20;Bestand K-Dialog;;N
12850;10502;12821;;21;Bestand Kranken;;N
12851;10502;12821;;22;Bestand Leben;;N
12852;10502;12821;;23;Bestand Moped;;N
12853;10502;12821;;25;Bestand Rechtsschutz;;N
12854;10502;12821;;26;Bestand SYSKOM;;N
12855;10502;12821;;27;Bestandsübertragung;;N
12856;10502;12821;;28;Bestände SVS;;N
12857;10502;12821;;29;Betrugserkennung;;N
12858;10502;12821;;30;BT4all;;N
12859;10502;12821;;31;Buchhaltung AD;;N
12860;10502;12821;;32;Collaboration;;N
12861;10502;12821;;34;Dokumentenarchiv;;N
12862;10502;12821;;35;Druck AFP;;N
12863;10502;12821;;36;Druckausgaben Leben;;N
12864;10502;12821;;37;Dynamischer SPOC;;N
12865;10502;12821;;39;Endkundenrechner;;N
12866;10502;12821;;40;EVB;;N
12867;10502;12821;;41;FA-Tablet;;N
12868;10502;12821;;42;Gebäudeinfosystem;;N
12869;10502;12821;;43;Geschäftsberichte;;N
12870;10502;12821;;44;Inkassodokumente;;N
12871;10502;12821;;45;Inputmanagement;;N
12872;10502;12821;;46;INS;;N
12873;10502;12821;;47;ISB: Outputmanagem.;;N
12874;10502;12821;;48;ISBT: BTplus;;N
12875;10502;12821;;49;ISBT: Dat-vers.;;N
12876;10502;12821;;50;ISBT: Kundenportal;;N
12877;10502;12821;;51;ISBT: LKmobile;;N
12878;10502;12821;;52;ISBT: Prozessportal;;N
12879;10502;12821;;53;KAGB:GB-ERP-System;;N
12880;10502;12821;;54;KAP Grundbesitz;;N
12881;10502;12821;;55;KAP-HYPO;;N
12882;10502;12821;;56;KBM;;N
12883;10502;12821;;57;Kon-Schnittst KPRUEF;;N
12884;10502;12821;;58;Konzerndatenverarb.;;N
12885;10502;12821;;59;Kundenverw. ZAD/ZTI;;N
12886;10502;12821;;60;Leben AS400;;N
12887;10502;12821;;61;Mitarb-Vertragsschr.;;N
12888;10502;12821;;62;NAUGEMA gericht. MV;;N
12889;10502;12821;;63;NEG;;N
12890;10502;12821;;64;NISSY;;N
12891;10502;12821;;65;NOVEM;;N
12892;10502;12821;;66;NPS;;N
12893;10502;12821;;67;NZS;;N
12894;10502;12821;;68;PA Leben/NKV/Hypo;;N
12895;10502;12821;;69;PA SPE Superprov.;;N
12896;10502;12821;;71;PAI (PA APL Interfac;;N
12897;10502;12821;;73;PMdirekt;;N
12898;10502;12821;;74;Provisionstabellen;;N
12899;10502;12821;;75;Prozessmodelle;;N
12900;10502;12821;;76;Rückversich.verw.;;N
12901;10502;12821;;77;SAP Anlagen;;N
12902;10502;12821;;78;SAP Basis;;N
12903;10502;12821;;79;SAP CRM;;N
12904;10502;12821;;80;SAP Hauptbuch;;N
12905;10502;12821;;81;SAP Konsolidierung;;N
12906;10502;12821;;82;SAP Kostenrechnung;;N
12907;10502;12821;;83;SAP Kreditor-Debitor;;N
12908;10502;12821;;84;SAP Lager;;N
12909;10502;12821;;85;SAP Materialwirtsch;;N
12910;10502;12821;;86;SAP Projektsystem;;N
12911;10502;12821;;87;SAP Spezielle Ledger;;N
12912;10502;12821;;88;SAP SRM;;N
12913;10502;12821;;89;SAP TAX FATCA;;N
12914;10502;12821;;90;SAP Unternehmensplan;;N
12915;10502;12821;;91;SAP Vertrieb;;N
12916;10502;12821;;92;SAP Vorsysteme;;N
12917;10502;12821;;93;Schaden BOSS;;N
12918;10502;12821;;94;Schaden ELSA;;N
12919;10502;12821;;95;Server-Anwendung STT;;N
12920;10502;12821;;96;Sollstellungsdatei;;N
12921;10502;12821;;97;Solvency II;;N
12922;10502;12821;;98;SST-PDB-Leben;;N
12923;10502;12821;;99;STARIS Aktienbuch;;N
12924;10502;12821;;100;STV;;N
12925;10502;12821;;101;Textservice;;N
12926;10502;12821;;102;Textverarbeitung ITV;;N
12927;10502;12821;;103;TUS;;N
12928;10502;12821;;114;übergreifende Renta;;N
12929;10502;12821;;104;Vermittlerpost;;N
12930;10502;12821;;105;Vertriebsakte EVA;;N
12931;10502;12821;;106;WCMS;;N
12932;10502;12821;;107;Workflow Leben;;N
12933;10502;12821;;108;Zahlungsmanager;;N
12934;10502;12821;;109;ZAS Zentrale Auszahl;;N
12935;10502;12821;;110;ZBS Zentraler Bankse;;N
12936;10502;12821;;111;ZFD Fondsdaten;;N
12937;10502;12821;;112;ZTS Terminsystem;;N
12938;10502;12821;;113;ZVS Zentrale Einzahl;;N
12939;10502;12823;;0;Abrechnung FA;;N
12940;10502;12823;;1;AE Infrastruktur;;N
12941;10502;12823;;2;AE-KON Infrastruktur;;N
12942;10502;12823;;3;Agtverw Agenturdatei;;N
12943;10502;12823;;4;AKAB;;N
12944;10502;12823;;5;Antragsbearb. Leben;;N
12945;10502;12823;;6;Architektur;;N
12946;10502;12823;;7;Archiv FileNET;;N
12947;10502;12823;;8;Archiv ImagePlus;;N
12948;10502;12823;;9;BABSY;;N
